<?xml version="1.0" encoding="UTF-8"?>
<project-private xmlns="http://www.netbeans.org/ns/project-private/1">
    <editor-bookmarks xmlns="http://www.netbeans.org/ns/editor-bookmarks/2" lastBookmarkId="0"/>
    <open-files xmlns="http://www.netbeans.org/ns/projectui-open-files/2">
        <group>
            <file>file:/C:/Users/faiaz/Desktop/COMP228Lab2MdFaiaz/COMP228Lab2/src/comp228lab2Exercise2/LottoMain.java</file>
            <file>file:/C:/Users/faiaz/Desktop/COMP228Lab2MdFaiaz/COMP228Lab2/src/comp228lab2Exercise1/TestMain.java</file>
            <file>file:/C:/Users/faiaz/Desktop/COMP228Lab2MdFaiaz/COMP228Lab2/src/comp228lab2Exercise1/Test.java</file>
            <file>file:/C:/Users/faiaz/Desktop/COMP228Lab2MdFaiaz/COMP228Lab2/src/comp228lab2/COMP228Lab2.java</file>
            <file>file:/C:/Users/faiaz/Desktop/COMP228Lab2MdFaiaz/COMP228Lab2/src/comp228lab2Exercise3/OverloadedConstructor.java</file>
            <file>file:/C:/Users/faiaz/Desktop/COMP228Lab2MdFaiaz/COMP228Lab2/src/comp228lab2Exercise2/Lotto.java</file>
        </group>
    </open-files>
</project-private>
